{
  "email": {
    "precision": 1.0,
    "recall": 1.0,
    "f1-score": 1.0,
    "support": 14,
    "confused_with": {}
  },
  "location": {
    "precision": 1.0,
    "recall": 1.0,
    "f1-score": 1.0,
    "support": 87,
    "confused_with": {}
  },
  "cuisine": {
    "precision": 1.0,
    "recall": 0.9850746268656716,
    "f1-score": 0.9924812030075187,
    "support": 67,
    "confused_with": {}
  },
  "micro avg": {
    "precision": 1.0,
    "recall": 0.9940476190476191,
    "f1-score": 0.9970149253731343,
    "support": 168
  },
  "macro avg": {
    "precision": 1.0,
    "recall": 0.9950248756218905,
    "f1-score": 0.9974937343358397,
    "support": 168
  },
  "weighted avg": {
    "precision": 1.0,
    "recall": 0.9940476190476191,
    "f1-score": 0.997001432151808,
    "support": 168
  }
}