{
  "thank": {
    "precision": 1.0,
    "recall": 1.0,
    "f1-score": 1.0,
    "support": 24,
    "confused_with": {}
  },
  "ask_email": {
    "precision": 1.0,
    "recall": 1.0,
    "f1-score": 1.0,
    "support": 25,
    "confused_with": {}
  },
  "restaurant_search": {
    "precision": 1.0,
    "recall": 1.0,
    "f1-score": 1.0,
    "support": 4,
    "confused_with": {}
  },
  "ask_budget": {
    "precision": 1.0,
    "recall": 1.0,
    "f1-score": 1.0,
    "support": 3,
    "confused_with": {}
  },
  "greet": {
    "precision": 1.0,
    "recall": 1.0,
    "f1-score": 1.0,
    "support": 64,
    "confused_with": {}
  },
  "bye": {
    "precision": 1.0,
    "recall": 1.0,
    "f1-score": 1.0,
    "support": 23,
    "confused_with": {}
  },
  "ask_restaurant": {
    "precision": 1.0,
    "recall": 0.9846153846153847,
    "f1-score": 0.9922480620155039,
    "support": 130,
    "confused_with": {
      "out_of_scope": 2
    }
  },
  "deny": {
    "precision": 1.0,
    "recall": 1.0,
    "f1-score": 1.0,
    "support": 43,
    "confused_with": {}
  },
  "affirm": {
    "precision": 1.0,
    "recall": 1.0,
    "f1-score": 1.0,
    "support": 54,
    "confused_with": {}
  },
  "out_of_scope": {
    "precision": 0.9819819819819819,
    "recall": 1.0,
    "f1-score": 0.9909090909090909,
    "support": 109,
    "confused_with": {}
  },
  "accuracy": 0.9958246346555324,
  "macro avg": {
    "precision": 0.9981981981981981,
    "recall": 0.9984615384615385,
    "f1-score": 0.9983157152924594,
    "support": 479
  },
  "weighted avg": {
    "precision": 0.9958998664635408,
    "recall": 0.9958246346555324,
    "f1-score": 0.9958274300023098,
    "support": 479
  }
}